"","H_atom","E_atom","X_atom","A_atom","C_atom","O_atom","H_atom_rev","E_atom_rev","X_atom_rev","A_atom_rev","C_atom_rev","O_atom_rev","H_macro","E_macro","X_macro","A_macro","C_macro","O_macro",""
"distilroberta",0.75,0.49,0.62,0.74,0.91,0.75,NA,NA,0.6,0.64,0.83,0.51,0.82,NA,0.64,NA,0.89,0.71,0.707142857142857
"miniLM",0.7,0.46,0.73,0.73,0.88,0.66,NA,NA,0.55,0.47,0.57,0.59,0.73,0.46,0.79,0.72,0.92,0.68,0.665
"mpnet",0.72,0.47,0.43,0.87,0.86,0.67,NA,0.6,0.68,0.65,0.86,NA,0.75,0.55,0.61,0.77,0.89,0.58,0.685
"t5",0.77,NA,NA,0.8,0.89,0.63,NA,NA,0.71,0.65,0.71,0.42,0.75,NA,NA,0.83,0.9,0.71,0.730833333333333
"psych",0.73,0.66,0.76,0.83,0.88,0.73,NA,0.63,0.62,NA,0.89,0.68,0.81,0.56,0.83,0.91,0.86,0.61,0.749375
"use_dan",0.79,0.47,0.64,0.75,0.86,0.48,NA,NA,0.56,0.44,0.68,0.69,0.7,0.58,NA,0.82,0.86,NA,0.665714285714286
"avg_trans",0.87,0.73,0.81,0.93,0.91,0.77,NA,0.65,NA,0.72,0.85,0.61,0.84,0.48,0.8,0.85,0.92,0.68,0.77625
"",0.761428571428571,0.546666666666667,0.665,0.807142857142857,0.884285714285714,0.67,NA,0.626666666666667,0.62,0.595,0.77,0.583333333333333,0.771428571428571,0.526,0.734,0.816666666666667,0.891428571428571,0.661666666666667,0.701806722689076
