"","H_atom","E_atom","X_atom","A_atom","C_atom","O_atom","H_atom_rev","E_atom_rev","X_atom_rev","A_atom_rev","C_atom_rev","O_atom_rev","H_macro","E_macro","X_macro","A_macro","C_macro","O_macro",""
"distilroberta",0.75,0.49,0.62,0.74,0.91,0.75,NA,NA,0.6,0.64,0.83,0.51,0.82,NA,0.64,NA,0.71,0.58,0.685
"miniLM",0.71,0.46,0.77,0.73,0.89,0.67,NA,NA,0.55,0.47,0.57,0.59,0.73,0.46,0.79,0.72,0.92,0.68,0.669375
"mpnet",0.72,0.47,0.43,0.87,0.86,0.67,NA,0.33,0.51,0.14,0.57,NA,0.75,0.55,0.61,0.77,0.89,0.58,0.6075
"t5",0.65,NA,NA,0.35,0.69,0.56,NA,NA,0.6,0.68,0.65,0.86,0.75,NA,NA,0.83,0.9,0.71,0.685833333333333
"psych",0.75,0.58,0.79,0.82,0.88,0.72,NA,NA,0.71,0.65,0.71,0.42,0.81,0.5,0.62,0.78,0.87,0.69,0.70625
"use_dan",0.79,0.47,0.64,0.75,0.86,0.48,NA,NA,0.56,0.44,0.68,0.69,0.7,0.58,0.34,0.82,0.86,0.39,0.628125
"avg_trans",0.77,0.63,0.77,0.81,0.9,0.73,NA,NA,0.75,0.69,0.86,0.39,0.79,0.53,0.75,0.75,0.91,0.69,0.7325
"",0.734285714285714,0.516666666666667,0.67,0.724285714285714,0.855714285714286,0.654285714285714,NA,0.33,0.611428571428571,0.53,0.695714285714286,0.576666666666667,0.764285714285714,0.524,0.625,0.778333333333333,0.865714285714286,0.617142857142857,0.6513837535014
