"","H_atom","E_atom","X_atom","A_atom","C_atom","O_atom","H_atom_rev","E_atom_rev","X_atom_rev","A_atom_rev","C_atom_rev","O_atom_rev","H_macro","E_macro","X_macro","A_macro","C_macro","O_macro",""
"distilroberta",0.65,0.66,0.45,0.33,0.68,0.57,NA,NA,0.47,0.28,0.69,0.18,0.68,NA,0.51,NA,0.71,0.58,0.531428571428571
"miniLM",0.68,0.49,0.63,0.57,0.62,0.62,NA,NA,0.46,0.32,0.34,0.46,0.57,0.69,0.66,0.51,0.69,0.61,0.5575
"mpnet",0.62,0.51,0.47,0.46,0.66,0.63,NA,0.33,0.51,0.14,0.57,NA,0.6,0.63,0.47,0.41,0.72,0.54,0.516875
"t5",0.66,NA,NA,0.38,0.7,0.6,NA,NA,0.33,0.51,0.14,0.57,0.65,NA,NA,0.35,0.69,0.56,0.511666666666667
"psych",0.49,0.65,0.34,0.33,0.72,0.53,NA,NA,0.45,0.27,0.48,0.19,0.57,0.69,0.28,0.39,0.76,0.55,0.480625
"use_dan",0.65,0.7,0.44,0.53,0.65,0.48,NA,NA,0.6,0.15,0.51,0.4,0.71,0.64,0.54,0.44,0.71,0.56,0.544375
"avg_trans",0.57,0.63,0.37,0.33,0.68,0.55,NA,NA,0.56,0.21,0.55,0.16,0.62,0.75,0.42,0.42,0.76,0.57,0.509375
"",0.617142857142857,0.606666666666667,0.45,0.418571428571429,0.672857142857143,0.568571428571429,NA,0.33,0.482857142857143,0.268571428571429,0.468571428571429,0.326666666666667,0.628571428571428,0.68,0.48,0.42,0.72,0.567142857142857,0.512128851540616
