"","O_atom","C_atom","E_atom","A_atom","N_atom","O_atom_rev","C_atom_rev","E_atom_rev","A_atom_rev","N_atom_rev","O_macro","C_macro","E_macro","A_macro","N_macro",""
"distilroberta",0.68,0.77,0.66,0.73,0.76,0.65,0.84,0.77,0.43,0.86,0.76,0.8,0.57,0.73,0.73,0.716
"miniLM",0.77,0.71,NA,NA,0.67,0.47,NA,0.35,0.01,NA,0.77,0.77,0.41,0.75,0.71,0.580909090909091
"mpnet",0.57,0.77,0.62,0.74,0.72,0.78,0.46,0.74,0.62,0.83,0.52,0.8,0.5,0.73,0.68,0.672
"t5",0.76,0.7,0.63,0.74,0.74,0.66,0.55,0.7,0.47,0.89,0.69,0.65,0.48,0.65,0.44,0.65
"psych",NA,0.76,NA,0.72,0.77,NA,0.86,0.79,NA,0.89,NA,0.84,NA,0.77,0.81,0.801111111111111
"use_dan",NA,0.75,NA,0.72,0.73,0.64,0.56,0.65,0.57,0.52,NA,0.75,0.45,0.72,NA,0.641818181818182
"avg_trans",0.66,0.78,0.7,0.73,0.79,NA,0.74,0.78,NA,0.88,0.7,0.82,0.71,0.76,0.82,0.759230769230769
"",0.688,0.748571428571429,0.6525,0.73,0.74,0.64,0.668333333333333,0.682857142857143,0.42,0.811666666666667,0.688,0.775714285714286,0.52,0.73,0.698333333333333,0.679598412698413
