"","O_atom","C_atom","E_atom","A_atom","N_atom","O_atom_rev","C_atom_rev","E_atom_rev","A_atom_rev","N_atom_rev","O_macro","C_macro","E_macro","A_macro","N_macro",""
"distilroberta",0.68,0.77,0.66,0.73,0.76,0.65,0.84,0.77,0.43,0.86,0.76,0.8,0.57,0.73,0.73,0.716
"miniLM",0.77,0.71,NA,NA,0.67,0.47,NA,0.35,0.01,NA,0.77,0.77,0.41,0.75,0.71,0.580909090909091
"mpnet",0.57,0.77,0.62,0.74,0.72,0.78,0.46,0.74,0.62,0.83,0.52,0.8,0.5,0.73,0.68,0.672
"t5",0.76,0.7,0.63,0.74,0.74,0.66,0.55,0.7,0.47,0.89,0.69,0.65,0.48,0.65,0.44,0.65
"psych",NA,0.73,0.71,NA,0.75,0.79,0.79,0.87,0.91,0.79,0.8,0.57,0.6,0.84,0.63,0.752307692307692
"use_dan",NA,0.75,NA,0.72,0.73,0.64,0.56,0.65,0.57,0.52,NA,0.75,0.45,0.72,NA,0.641818181818182
"avg_trans",NA,0.76,0.68,0.75,NA,0.67,0.77,0.78,0.76,0.89,0.76,0.77,0.61,0.79,0.74,0.748461538461538
"",0.695,0.741428571428571,0.66,0.736,0.728333333333333,0.665714285714286,0.661666666666667,0.694285714285714,0.538571428571428,0.796666666666667,0.716666666666667,0.73,0.517142857142857,0.744285714285714,0.655,0.685384126984127
